index,package,category,data_type,key,parent_key
10001,GLOBAL,NULL,BOOLEAN,GLOBAL_BRONZE_FR_ENABLED,NULL
10002,GLOBAL,NULL,STRING,GLOBAL_CHAIN_NETWORK,NULL
10003,GLOBAL,GOLD,BOOLEAN,GLOBAL_GOLD_FR_ENABLED,NULL
10004,GLOBAL,LOGGING,BOOLEAN,GLOBAL_LOGGING_MODEL_LOGS_ENABLED,NULL
10005,GLOBAL,NULL,STRING,GLOBAL_NODE_VAULT_PATH,NULL
10006,GLOBAL,NULL,STRING,GLOBAL_PROD_DB_NAME,NULL
10007,MAIN_PACKAGE,CORE,BOOLEAN,MAIN_CORE_RECEIPTS_BY_HASH_ENABLED,NULL
10008,GLOBAL,SILVER,BOOLEAN,GLOBAL_SILVER_FR_ENABLED,NULL
10009,GLOBAL,STREAMLINE,BOOLEAN,GLOBAL_SL_STREAMLINE_V1_ENABLED,NULL
10010,GLOBAL,NULL,STRING,GLOBAL_WRAPPED_NATIVE_ASSET_ADDRESS,NULL
10011,DECODER_PACKAGE,ABIS,BOOLEAN,DECODER_ABIS_CONTRACT_ABIS_FR_ENABLED,NULL
10012,DECODER_PACKAGE,ABIS,STRING,DECODER_ABIS_EXPLORER_API_KEY_VAULT_PATH,NULL
10013,DECODER_PACKAGE,ABIS,NUMBER,DECODER_ABIS_EXPLORER_INTERACTION_LIMIT,NULL
10014,DECODER_PACKAGE,ABIS,NUMBER,DECODER_ABIS_EXPLORER_LIMIT,NULL
10015,DECODER_PACKAGE,ABIS,STRING,DECODER_ABIS_EXPLORER_NAME,NULL
10016,DECODER_PACKAGE,ABIS,STRING,DECODER_ABIS_EXPLORER_URL,NULL
10017,DECODER_PACKAGE,ABIS,STRING,DECODER_ABIS_EXPLORER_URL_SUFFIX,NULL
10018,DECODER_PACKAGE,STREAMLINE,NUMBER,DECODER_SL_DECODED_LOGS_HISTORY_WAIT_SECONDS,NULL
10019,DECODER_PACKAGE,STREAMLINE,BOOLEAN,DECODER_SL_DECODED_LOGS_COMPLETE_FR_ENABLED,NULL
10020,DECODER_PACKAGE,STREAMLINE,NUMBER,DECODER_SL_DECODED_LOGS_HISTORY_ASYNC_CONCURRENT_REQUESTS,NULL
10021,DECODER_PACKAGE,STREAMLINE,STRING,DECODER_SL_DECODED_LOGS_HISTORY_EXTERNAL_TABLE,NULL
10022,DECODER_PACKAGE,STREAMLINE,NUMBER,DECODER_SL_DECODED_LOGS_HISTORY_PRODUCER_BATCH_SIZE,NULL
10023,DECODER_PACKAGE,STREAMLINE,NUMBER,DECODER_SL_DECODED_LOGS_HISTORY_SQL_LIMIT,NULL
10024,DECODER_PACKAGE,STREAMLINE,NUMBER,DECODER_SL_DECODED_LOGS_HISTORY_TESTING_LIMIT,NULL
10025,DECODER_PACKAGE,STREAMLINE,NUMBER,DECODER_SL_DECODED_LOGS_HISTORY_WORKER_BATCH_SIZE,NULL
10026,DECODER_PACKAGE,STREAMLINE,NUMBER,DECODER_SL_DECODED_LOGS_REALTIME_ASYNC_CONCURRENT_REQUESTS,NULL
10027,DECODER_PACKAGE,STREAMLINE,STRING,DECODER_SL_DECODED_LOGS_REALTIME_EXTERNAL_TABLE,NULL
10028,DECODER_PACKAGE,STREAMLINE,NUMBER,DECODER_SL_DECODED_LOGS_REALTIME_PRODUCER_BATCH_SIZE,NULL
10029,DECODER_PACKAGE,STREAMLINE,NUMBER,DECODER_SL_DECODED_LOGS_REALTIME_SQL_LIMIT,NULL
10030,DECODER_PACKAGE,STREAMLINE,NUMBER,DECODER_SL_DECODED_LOGS_REALTIME_TESTING_LIMIT,NULL
10031,DECODER_PACKAGE,STREAMLINE,NUMBER,DECODER_SL_DECODED_LOGS_REALTIME_WORKER_BATCH_SIZE,NULL
10032,DECODER_PACKAGE,STREAMLINE,BOOLEAN,DECODER_SL_DECODED_TRACES_COMPLETE_FR_ENABLED,NULL
10033,DECODER_PACKAGE,STREAMLINE,NUMBER,DECODER_SL_DECODED_TRACES_HISTORY_ASYNC_CONCURRENT_REQUESTS,NULL
10034,DECODER_PACKAGE,STREAMLINE,STRING,DECODER_SL_DECODED_TRACES_HISTORY_EXTERNAL_TABLE,NULL
10035,DECODER_PACKAGE,STREAMLINE,NUMBER,DECODER_SL_DECODED_TRACES_HISTORY_PRODUCER_BATCH_SIZE,NULL
10036,DECODER_PACKAGE,STREAMLINE,NUMBER,DECODER_SL_DECODED_TRACES_HISTORY_SQL_LIMIT,NULL
10037,DECODER_PACKAGE,STREAMLINE,NUMBER,DECODER_SL_DECODED_TRACES_HISTORY_TESTING_LIMIT,NULL
10038,DECODER_PACKAGE,STREAMLINE,NUMBER,DECODER_SL_DECODED_TRACES_HISTORY_WORKER_BATCH_SIZE,NULL
10039,DECODER_PACKAGE,STREAMLINE,NUMBER,DECODER_SL_DECODED_TRACES_REALTIME_ASYNC_CONCURRENT_REQUESTS,NULL
10040,DECODER_PACKAGE,STREAMLINE,STRING,DECODER_SL_DECODED_TRACES_REALTIME_EXTERNAL_TABLE,NULL
10041,DECODER_PACKAGE,STREAMLINE,NUMBER,DECODER_SL_DECODED_TRACES_REALTIME_PRODUCER_BATCH_SIZE,NULL
10042,DECODER_PACKAGE,STREAMLINE,NUMBER,DECODER_SL_DECODED_TRACES_REALTIME_SQL_LIMIT,NULL
10043,DECODER_PACKAGE,STREAMLINE,NUMBER,DECODER_SL_DECODED_TRACES_REALTIME_TESTING_LIMIT,NULL
10044,DECODER_PACKAGE,STREAMLINE,NUMBER,DECODER_SL_DECODED_TRACES_REALTIME_WORKER_BATCH_SIZE,NULL
10045,MAIN_PACKAGE,CORE,STRING,MAIN_CORE_NATIVE_PRICES_START_DATE,NULL
10046,MAIN_PACKAGE,CORE_SILVER,BOOLEAN,MAIN_CORE_SILVER_CONFIRM_BLOCKS_FULL_RELOAD_ENABLED,NULL
10047,MAIN_PACKAGE,CORE_SILVER,BOOLEAN,MAIN_CORE_SILVER_TRACES_FULL_RELOAD_ENABLED,NULL
10048,MAIN_PACKAGE,CORE_SILVER,BOOLEAN,MAIN_CORE_SILVER_TRACES_PARTITION_KEY_ENABLED,NULL
10049,MAIN_PACKAGE,CORE,NUMBER,MAIN_CORE_TRACES_FULL_RELOAD_BLOCKS_PER_RUN,NULL
10050,MAIN_PACKAGE,CORE,BOOLEAN,MAIN_CORE_TRACES_FULL_RELOAD_ENABLED,NULL
10051,MAIN_PACKAGE,CORE,NUMBER,MAIN_CORE_TRACES_FULL_RELOAD_START_BLOCK,NULL
10052,MAIN_PACKAGE,CORE,BOOLEAN,MAIN_CORE_TRACES_OVERFLOW_ENABLED,NULL
10053,MAIN_PACKAGE,CORE,STRING,MAIN_CORE_TRACES_SCHEMA_NAME,NULL
10054,MAIN_PACKAGE,CORE,BOOLEAN,MAIN_CORE_TRACES_TX_STATUS_ENABLED,NULL
10055,MAIN_PACKAGE,LABELS,STRING,MAIN_LABELS_BLOCKCHAINS,NULL
10056,MAIN_PACKAGE,NFT,BOOLEAN,MAIN_NFT_FR_ENABLED,NULL
10057,MAIN_PACKAGE,OBSERVABILITY,BOOLEAN,MAIN_OBSERV_BLOCKS_EXCLUSION_LIST_ENABLED,NULL
10058,MAIN_PACKAGE,OBSERVABILITY,BOOLEAN,MAIN_OBSERV_FULL_TEST_ENABLED,NULL
10059,MAIN_PACKAGE,OBSERVABILITY,BOOLEAN,MAIN_OBSERV_LOGS_EXCLUSION_LIST_ENABLED,NULL
10060,MAIN_PACKAGE,OBSERVABILITY,BOOLEAN,MAIN_OBSERV_RECEIPTS_EXCLUSION_LIST_ENABLED,NULL
10061,MAIN_PACKAGE,OBSERVABILITY,BOOLEAN,MAIN_OBSERV_TRACES_EXCLUSION_LIST_ENABLED,NULL
10062,MAIN_PACKAGE,OBSERVABILITY,BOOLEAN,MAIN_OBSERV_TRANSACTIONS_EXCLUSION_LIST_ENABLED,NULL
10063,MAIN_PACKAGE,PRICES,STRING,MAIN_PRICES_NATIVE_BLOCKCHAINS,NULL
10064,MAIN_PACKAGE,PRICES,STRING,MAIN_PRICES_NATIVE_SYMBOLS,NULL
10065,MAIN_PACKAGE,PRICES,STRING,MAIN_PRICES_PROVIDER_PLATFORMS,NULL
10066,MAIN_PACKAGE,PRICES,STRING,MAIN_PRICES_TOKEN_ADDRESSES,NULL
10067,MAIN_PACKAGE,PRICES,STRING,MAIN_PRICES_TOKEN_BLOCKCHAINS,NULL
10068,MAIN_PACKAGE,STREAMLINE,BOOLEAN,MAIN_SL_BLOCK_LOOKBACK_ENABLED,NULL
10069,MAIN_PACKAGE,STREAMLINE,NUMBER,MAIN_SL_BLOCKS_PER_HOUR,NULL
10070,MAIN_PACKAGE,STREAMLINE,BOOLEAN,MAIN_SL_BLOCKS_TRANSACTIONS_COMPLETE_FR_ENABLED,NULL
10071,MAIN_PACKAGE,STREAMLINE,NUMBER,MAIN_SL_BLOCKS_TRANSACTIONS_HISTORY_ASYNC_CONCURRENT_REQUESTS,NULL
10072,MAIN_PACKAGE,STREAMLINE,STRING,MAIN_SL_BLOCKS_TRANSACTIONS_HISTORY_EXTERNAL_TABLE,NULL
10073,MAIN_PACKAGE,STREAMLINE,BOOLEAN,MAIN_SL_BLOCKS_TRANSACTIONS_HISTORY_NEW_BUILD_ENABLED,NULL
10074,MAIN_PACKAGE,STREAMLINE,STRING,MAIN_SL_BLOCKS_TRANSACTIONS_HISTORY_ORDER_BY_CLAUSE,NULL
10075,MAIN_PACKAGE,STREAMLINE,NUMBER,MAIN_SL_BLOCKS_TRANSACTIONS_HISTORY_PRODUCER_BATCH_SIZE,NULL
10076,MAIN_PACKAGE,STREAMLINE,STRING,MAIN_SL_BLOCKS_TRANSACTIONS_HISTORY_QUANTUM_STATE,NULL
10077,MAIN_PACKAGE,STREAMLINE,NUMBER,MAIN_SL_BLOCKS_TRANSACTIONS_HISTORY_SQL_LIMIT,NULL
10078,MAIN_PACKAGE,STREAMLINE,NUMBER,MAIN_SL_BLOCKS_TRANSACTIONS_HISTORY_TESTING_LIMIT,NULL
10079,MAIN_PACKAGE,STREAMLINE,NUMBER,MAIN_SL_BLOCKS_TRANSACTIONS_HISTORY_WORKER_BATCH_SIZE,NULL
10080,MAIN_PACKAGE,STREAMLINE,BOOLEAN,MAIN_SL_BLOCKS_TRANSACTIONS_PATH_ENABLED,NULL
10081,MAIN_PACKAGE,STREAMLINE,NUMBER,MAIN_SL_BLOCKS_TRANSACTIONS_REALTIME_ASYNC_CONCURRENT_REQUESTS,NULL
10082,MAIN_PACKAGE,STREAMLINE,STRING,MAIN_SL_BLOCKS_TRANSACTIONS_REALTIME_EXTERNAL_TABLE,NULL
10083,MAIN_PACKAGE,STREAMLINE,BOOLEAN,MAIN_SL_BLOCKS_TRANSACTIONS_REALTIME_NEW_BUILD_ENABLED,NULL
10084,MAIN_PACKAGE,STREAMLINE,STRING,MAIN_SL_BLOCKS_TRANSACTIONS_REALTIME_ORDER_BY_CLAUSE,NULL
10085,MAIN_PACKAGE,STREAMLINE,NUMBER,MAIN_SL_BLOCKS_TRANSACTIONS_REALTIME_PRODUCER_BATCH_SIZE,NULL
10086,MAIN_PACKAGE,STREAMLINE,STRING,MAIN_SL_BLOCKS_TRANSACTIONS_REALTIME_QUANTUM_STATE,NULL
10087,MAIN_PACKAGE,STREAMLINE,NUMBER,MAIN_SL_BLOCKS_TRANSACTIONS_REALTIME_SQL_LIMIT,NULL
10088,MAIN_PACKAGE,STREAMLINE,NUMBER,MAIN_SL_BLOCKS_TRANSACTIONS_REALTIME_TESTING_LIMIT,NULL
10089,MAIN_PACKAGE,STREAMLINE,NUMBER,MAIN_SL_BLOCKS_TRANSACTIONS_REALTIME_WORKER_BATCH_SIZE,NULL
10090,MAIN_PACKAGE,STREAMLINE,NUMBER,MAIN_SL_CHAINHEAD_DELAY_MINUTES,NULL
10091,MAIN_PACKAGE,STREAMLINE,STRING,MAIN_SL_CHAINHEAD_QUANTUM_STATE,NULL
10092,MAIN_PACKAGE,STREAMLINE,BOOLEAN,MAIN_SL_CONFIRM_BLOCKS_COMPLETE_FR_ENABLED,NULL
10093,MAIN_PACKAGE,STREAMLINE,NUMBER,MAIN_SL_CONFIRM_BLOCKS_HISTORY_ASYNC_CONCURRENT_REQUESTS,NULL
10094,MAIN_PACKAGE,STREAMLINE,STRING,MAIN_SL_CONFIRM_BLOCKS_HISTORY_EXTERNAL_TABLE,NULL
10095,MAIN_PACKAGE,STREAMLINE,BOOLEAN,MAIN_SL_CONFIRM_BLOCKS_HISTORY_NEW_BUILD_ENABLED,NULL
10096,MAIN_PACKAGE,STREAMLINE,STRING,MAIN_SL_CONFIRM_BLOCKS_HISTORY_ORDER_BY_CLAUSE,NULL
10097,MAIN_PACKAGE,STREAMLINE,NUMBER,MAIN_SL_CONFIRM_BLOCKS_HISTORY_PRODUCER_BATCH_SIZE,NULL
10098,MAIN_PACKAGE,STREAMLINE,STRING,MAIN_SL_CONFIRM_BLOCKS_HISTORY_QUANTUM_STATE,NULL
10099,MAIN_PACKAGE,STREAMLINE,NUMBER,MAIN_SL_CONFIRM_BLOCKS_HISTORY_SQL_LIMIT,NULL
10100,MAIN_PACKAGE,STREAMLINE,NUMBER,MAIN_SL_CONFIRM_BLOCKS_HISTORY_TESTING_LIMIT,NULL
10101,MAIN_PACKAGE,STREAMLINE,NUMBER,MAIN_SL_CONFIRM_BLOCKS_HISTORY_WORKER_BATCH_SIZE,NULL
10102,MAIN_PACKAGE,STREAMLINE,NUMBER,MAIN_SL_CONFIRM_BLOCKS_REALTIME_ASYNC_CONCURRENT_REQUESTS,NULL
10103,MAIN_PACKAGE,STREAMLINE,STRING,MAIN_SL_CONFIRM_BLOCKS_REALTIME_EXTERNAL_TABLE,NULL
10104,MAIN_PACKAGE,STREAMLINE,BOOLEAN,MAIN_SL_CONFIRM_BLOCKS_REALTIME_NEW_BUILD_ENABLED,NULL
10105,MAIN_PACKAGE,STREAMLINE,STRING,MAIN_SL_CONFIRM_BLOCKS_REALTIME_ORDER_BY_CLAUSE,NULL
10106,MAIN_PACKAGE,STREAMLINE,NUMBER,MAIN_SL_CONFIRM_BLOCKS_REALTIME_PRODUCER_BATCH_SIZE,NULL
10107,MAIN_PACKAGE,STREAMLINE,STRING,MAIN_SL_CONFIRM_BLOCKS_REALTIME_QUANTUM_STATE,NULL
10108,MAIN_PACKAGE,STREAMLINE,NUMBER,MAIN_SL_CONFIRM_BLOCKS_REALTIME_SQL_LIMIT,NULL
10109,MAIN_PACKAGE,STREAMLINE,NUMBER,MAIN_SL_CONFIRM_BLOCKS_REALTIME_TESTING_LIMIT,NULL
10110,MAIN_PACKAGE,STREAMLINE,NUMBER,MAIN_SL_CONFIRM_BLOCKS_REALTIME_WORKER_BATCH_SIZE,NULL
10111,MAIN_PACKAGE,STREAMLINE,STRING,MAIN_SL_READS_HISTORY_QUANTUM_STATE,NULL
10112,MAIN_PACKAGE,STREAMLINE,STRING,MAIN_SL_READS_REALTIME_QUANTUM_STATE,NULL
10113,MAIN_PACKAGE,STREAMLINE,NUMBER,MAIN_SL_RECEIPTS_BY_HASH_AVG_TXNS_PER_BLOCK,NULL
10114,MAIN_PACKAGE,STREAMLINE,BOOLEAN,MAIN_SL_RECEIPTS_BY_HASH_FR_ENABLED,NULL
10115,MAIN_PACKAGE,STREAMLINE,NUMBER,MAIN_SL_RECEIPTS_BY_HASH_HISTORY_ASYNC_CONCURRENT_REQUESTS,NULL
10116,MAIN_PACKAGE,STREAMLINE,STRING,MAIN_SL_RECEIPTS_BY_HASH_HISTORY_EXTERNAL_TABLE,NULL
10117,MAIN_PACKAGE,STREAMLINE,BOOLEAN,MAIN_SL_RECEIPTS_BY_HASH_HISTORY_NEW_BUILD_ENABLED,NULL
10118,MAIN_PACKAGE,STREAMLINE,STRING,MAIN_SL_RECEIPTS_BY_HASH_HISTORY_ORDER_BY_CLAUSE,NULL
10119,MAIN_PACKAGE,STREAMLINE,NUMBER,MAIN_SL_RECEIPTS_BY_HASH_HISTORY_PRODUCER_BATCH_SIZE,NULL
10120,MAIN_PACKAGE,STREAMLINE,STRING,MAIN_SL_RECEIPTS_BY_HASH_HISTORY_QUANTUM_STATE,NULL
10121,MAIN_PACKAGE,STREAMLINE,NUMBER,MAIN_SL_RECEIPTS_BY_HASH_HISTORY_SQL_LIMIT,NULL
10122,MAIN_PACKAGE,STREAMLINE,NUMBER,MAIN_SL_RECEIPTS_BY_HASH_HISTORY_TESTING_LIMIT,NULL
10123,MAIN_PACKAGE,STREAMLINE,NUMBER,MAIN_SL_RECEIPTS_BY_HASH_HISTORY_WORKER_BATCH_SIZE,NULL
10124,MAIN_PACKAGE,STREAMLINE,NUMBER,MAIN_SL_RECEIPTS_BY_HASH_REALTIME_ASYNC_CONCURRENT_REQUESTS,NULL
10125,MAIN_PACKAGE,STREAMLINE,STRING,MAIN_SL_RECEIPTS_BY_HASH_REALTIME_EXTERNAL_TABLE,NULL
10126,MAIN_PACKAGE,STREAMLINE,BOOLEAN,MAIN_SL_RECEIPTS_BY_HASH_REALTIME_NEW_BUILD_ENABLED,NULL
10127,MAIN_PACKAGE,STREAMLINE,STRING,MAIN_SL_RECEIPTS_BY_HASH_REALTIME_ORDER_BY_CLAUSE,NULL
10128,MAIN_PACKAGE,STREAMLINE,NUMBER,MAIN_SL_RECEIPTS_BY_HASH_REALTIME_PRODUCER_BATCH_SIZE,NULL
10129,MAIN_PACKAGE,STREAMLINE,STRING,MAIN_SL_RECEIPTS_BY_HASH_REALTIME_QUANTUM_STATE,NULL
10130,MAIN_PACKAGE,STREAMLINE,NUMBER,MAIN_SL_RECEIPTS_BY_HASH_REALTIME_SQL_LIMIT,NULL
10131,MAIN_PACKAGE,STREAMLINE,NUMBER,MAIN_SL_RECEIPTS_BY_HASH_REALTIME_TESTING_LIMIT,NULL
10132,MAIN_PACKAGE,STREAMLINE,NUMBER,MAIN_SL_RECEIPTS_BY_HASH_REALTIME_WORKER_BATCH_SIZE,NULL
10133,MAIN_PACKAGE,STREAMLINE,BOOLEAN,MAIN_SL_RECEIPTS_BY_HASH_TXNS_MODEL_ENABLED,NULL
10134,MAIN_PACKAGE,STREAMLINE,BOOLEAN,MAIN_SL_RECEIPTS_COMPLETE_FR_ENABLED,NULL
10135,MAIN_PACKAGE,STREAMLINE,BOOLEAN,MAIN_SL_RECEIPTS_COMPLETE_FR_ENABLED,NULL
10136,MAIN_PACKAGE,STREAMLINE,NUMBER,MAIN_SL_RECEIPTS_HISTORY_ASYNC_CONCURRENT_REQUESTS,NULL
10137,MAIN_PACKAGE,STREAMLINE,STRING,MAIN_SL_RECEIPTS_HISTORY_EXTERNAL_TABLE,NULL
10138,MAIN_PACKAGE,STREAMLINE,BOOLEAN,MAIN_SL_RECEIPTS_HISTORY_NEW_BUILD_ENABLED,NULL
10139,MAIN_PACKAGE,STREAMLINE,STRING,MAIN_SL_RECEIPTS_HISTORY_ORDER_BY_CLAUSE,NULL
10140,MAIN_PACKAGE,STREAMLINE,NUMBER,MAIN_SL_RECEIPTS_HISTORY_PRODUCER_BATCH_SIZE,NULL
10141,MAIN_PACKAGE,STREAMLINE,STRING,MAIN_SL_RECEIPTS_HISTORY_QUANTUM_STATE,NULL
10142,MAIN_PACKAGE,STREAMLINE,NUMBER,MAIN_SL_RECEIPTS_HISTORY_SQL_LIMIT,NULL
10143,MAIN_PACKAGE,STREAMLINE,NUMBER,MAIN_SL_RECEIPTS_HISTORY_TESTING_LIMIT,NULL
10144,MAIN_PACKAGE,STREAMLINE,NUMBER,MAIN_SL_RECEIPTS_HISTORY_WORKER_BATCH_SIZE,NULL
10145,MAIN_PACKAGE,STREAMLINE,NUMBER,MAIN_SL_RECEIPTS_REALTIME_ASYNC_CONCURRENT_REQUESTS,NULL
10146,MAIN_PACKAGE,STREAMLINE,STRING,MAIN_SL_RECEIPTS_REALTIME_EXTERNAL_TABLE,NULL
10147,MAIN_PACKAGE,STREAMLINE,BOOLEAN,MAIN_SL_RECEIPTS_REALTIME_NEW_BUILD_ENABLED,NULL
10148,MAIN_PACKAGE,STREAMLINE,STRING,MAIN_SL_RECEIPTS_REALTIME_ORDER_BY_CLAUSE,NULL
10149,MAIN_PACKAGE,STREAMLINE,NUMBER,MAIN_SL_RECEIPTS_REALTIME_PRODUCER_BATCH_SIZE,NULL
10150,MAIN_PACKAGE,STREAMLINE,STRING,MAIN_SL_RECEIPTS_REALTIME_QUANTUM_STATE,NULL
10151,MAIN_PACKAGE,STREAMLINE,NUMBER,MAIN_SL_RECEIPTS_REALTIME_SQL_LIMIT,NULL
10152,MAIN_PACKAGE,STREAMLINE,NUMBER,MAIN_SL_RECEIPTS_REALTIME_TESTING_LIMIT,NULL
10153,MAIN_PACKAGE,STREAMLINE,NUMBER,MAIN_SL_RECEIPTS_REALTIME_WORKER_BATCH_SIZE,NULL
10154,MAIN_PACKAGE,STREAMLINE,BOOLEAN,MAIN_SL_SINGLE_FLIGHT_METHOD_ENABLED,NULL
10155,MAIN_PACKAGE,STREAMLINE,NUMBER,MAIN_SL_START_BLOCK,NULL
10156,MAIN_PACKAGE,STREAMLINE,BOOLEAN,MAIN_SL_TRACES_COMPLETE_FR_ENABLED,NULL
10157,MAIN_PACKAGE,STREAMLINE,NUMBER,MAIN_SL_TRACES_HISTORY_ASYNC_CONCURRENT_REQUESTS,NULL
10158,MAIN_PACKAGE,STREAMLINE,STRING,MAIN_SL_TRACES_HISTORY_EXTERNAL_TABLE,NULL
10159,MAIN_PACKAGE,STREAMLINE,BOOLEAN,MAIN_SL_TRACES_HISTORY_NEW_BUILD_ENABLED,NULL
10160,MAIN_PACKAGE,STREAMLINE,STRING,MAIN_SL_TRACES_HISTORY_ORDER_BY_CLAUSE,NULL
10161,MAIN_PACKAGE,STREAMLINE,NUMBER,MAIN_SL_TRACES_HISTORY_PRODUCER_BATCH_SIZE,NULL
10162,MAIN_PACKAGE,STREAMLINE,STRING,MAIN_SL_TRACES_HISTORY_QUANTUM_STATE,NULL
10163,MAIN_PACKAGE,STREAMLINE,NUMBER,MAIN_SL_TRACES_HISTORY_SQL_LIMIT,NULL
10164,MAIN_PACKAGE,STREAMLINE,NUMBER,MAIN_SL_TRACES_HISTORY_TESTING_LIMIT,NULL
10165,MAIN_PACKAGE,STREAMLINE,NUMBER,MAIN_SL_TRACES_HISTORY_WORKER_BATCH_SIZE,NULL
10166,MAIN_PACKAGE,STREAMLINE,NUMBER,MAIN_SL_TRACES_REALTIME_ASYNC_CONCURRENT_REQUESTS,NULL
10167,MAIN_PACKAGE,STREAMLINE,STRING,MAIN_SL_TRACES_REALTIME_EXTERNAL_TABLE,NULL
10168,MAIN_PACKAGE,STREAMLINE,BOOLEAN,MAIN_SL_TRACES_REALTIME_NEW_BUILD_ENABLED,NULL
10169,MAIN_PACKAGE,STREAMLINE,STRING,MAIN_SL_TRACES_REALTIME_ORDER_BY_CLAUSE,NULL
10170,MAIN_PACKAGE,STREAMLINE,NUMBER,MAIN_SL_TRACES_REALTIME_PRODUCER_BATCH_SIZE,NULL
10171,MAIN_PACKAGE,STREAMLINE,STRING,MAIN_SL_TRACES_REALTIME_QUANTUM_STATE,NULL
10172,MAIN_PACKAGE,STREAMLINE,NUMBER,MAIN_SL_TRACES_REALTIME_SQL_LIMIT,NULL
10173,MAIN_PACKAGE,STREAMLINE,NUMBER,MAIN_SL_TRACES_REALTIME_TESTING_LIMIT,NULL
10174,MAIN_PACKAGE,STREAMLINE,NUMBER,MAIN_SL_TRACES_REALTIME_WORKER_BATCH_SIZE,NULL
10175,MAIN_PACKAGE,STREAMLINE,NUMBER,MAIN_SL_TRACES_START_BLOCK,NULL
10176,READS_PACKAGE,STREAMLINE,BOOLEAN,READS_SL_READS_COMPLETE_FR_ENABLED,NULL
10177,READS_PACKAGE,STREAMLINE,NUMBER,READS_SL_READS_HISTORY_ASYNC_CONCURRENT_REQUESTS,NULL
10178,READS_PACKAGE,STREAMLINE,STRING,READS_SL_READS_HISTORY_EXTERNAL_TABLE,NULL
10179,READS_PACKAGE,STREAMLINE,STRING,READS_SL_READS_HISTORY_ORDER_BY_CLAUSE,NULL
10180,READS_PACKAGE,STREAMLINE,NUMBER,READS_SL_READS_HISTORY_PRODUCER_BATCH_SIZE,NULL
10181,READS_PACKAGE,STREAMLINE,NUMBER,READS_SL_READS_HISTORY_SQL_LIMIT,NULL
10182,READS_PACKAGE,STREAMLINE,NUMBER,READS_SL_READS_HISTORY_TESTING_LIMIT,NULL
10183,READS_PACKAGE,STREAMLINE,NUMBER,READS_SL_READS_HISTORY_WORKER_BATCH_SIZE,NULL
10184,READS_PACKAGE,STREAMLINE,NUMBER,READS_SL_READS_REALTIME_ASYNC_CONCURRENT_REQUESTS,NULL
10185,READS_PACKAGE,STREAMLINE,STRING,READS_SL_READS_REALTIME_EXTERNAL_TABLE,NULL
10186,READS_PACKAGE,STREAMLINE,STRING,READS_SL_READS_REALTIME_ORDER_BY_CLAUSE,NULL
10187,READS_PACKAGE,STREAMLINE,NUMBER,READS_SL_READS_REALTIME_PRODUCER_BATCH_SIZE,NULL
10188,READS_PACKAGE,STREAMLINE,NUMBER,READS_SL_READS_REALTIME_SQL_LIMIT,NULL
10189,READS_PACKAGE,STREAMLINE,NUMBER,READS_SL_READS_REALTIME_TESTING_LIMIT,NULL
10190,READS_PACKAGE,STREAMLINE,NUMBER,READS_SL_READS_REALTIME_WORKER_BATCH_SIZE,NULL
10191,SCORES_PACKAGE,NULL,BOOLEAN,SCORES_FULL_RELOAD_ENABLED,NULL
10192,SCORES_PACKAGE,NULL,NUMBER,SCORES_LIMIT_DAYS,NULL
10193,CURATED_PACKAGE,VERTEX,STRING,USDC,CURATED_VERTEX_TOKEN_MAPPING
10194,CURATED_PACKAGE,VERTEX,STRING,WETH,CURATED_VERTEX_TOKEN_MAPPING
10195,CURATED_PACKAGE,VERTEX,STRING,wMNT,CURATED_VERTEX_TOKEN_MAPPING
10196,CURATED_PACKAGE,VERTEX,STRING,METH,CURATED_VERTEX_TOKEN_MAPPING
10197,CURATED_PACKAGE,VERTEX,STRING,CURATED_VERTEX_CLEARINGHOUSE_CONTRACT,NULL
10198,CURATED_PACKAGE,VERTEX,STRING,CURATED_VERTEX_OFFCHAIN_EXCHANGE_CONTRACT,NULL